{
	"numBasis":6,
	"basisS":[
		[
			[
				0.4345732974888721,
				0.6147013999205981
			],
			[
				0.6147013999205981,
				0.9939316893743566
			]
		],
		[
			[
				0.4784521923178975,
				-0.5855082852278506
			],
			[
				-0.5855082852278506,
				-0.40760270489211115
			]
		],
		[
			[
				5.628381788398151e-2,
				0.5101464150371833
			],
			[
				0.5101464150371833,
				0.6813652154760748
			]
		],
		[
			[
				0.7715044018645734,
				8.768763912025213e-2
			],
			[
				8.768763912025213e-2,
				0.8488420393389275
			]
		],
		[
			[
				-0.996845911847545,
				0.2681095441308732
			],
			[
				0.2681095441308732,
				-0.4517705552075224
			]
		],
		[
			[
				0.954240877484517,
				0.4394918939927195
			],
			[
				0.4394918939927195,
				0.697701006151882
			]
		]
	],
	"centers":[
		[
			-0.7409471628403743,
			-1.0897684012583149
		],
		[
			-1.5293064649034065,
			-0.4625936931435497
		],
		[
			0.5596334203811999,
			-2.1083074663261048
		],
		[
			-2.0315193735495622,
			-2.935923555361084
		],
		[
			-1.7483029421696088,
			4.733246886114031
		],
		[
			-2.4120397849572868,
			0.5058160440385766
		]
	],
	"a":[
		-0.5709688989842334,
		-9.309400900438902e-2,
		2.884929246877732e-2,
		9.999999999999997e1,
		-1.0e2,
		-2.8718446200471703e-2
	],
	"activeIndices":[
		3,
		7,
		8,
		13
	],
	"constraints":[
		{
			"L":[
				0.30249232750636945,
				0.12542675053484853,
				-4.020322506130797e-3,
				7.345673539102919e-4,
				-1.273372628609162e-31,
				5.175910537065287e-4
			],
			"B":0.11106430271077745,
			"params":[
				-1.3702668270023182,
				-0.10022916915444835,
				-0.7935559770685243,
				0.6959436111879194
			]
		},
		{
			"L":[
				0.16217048072210638,
				-1.363385403742154e-4,
				0.43429037055358727,
				3.731889090909431e-6,
				-6.185528620050263e-32,
				5.056681783707876e-10
			],
			"B":7.967944971327207e-2,
			"params":[
				-1.647606483183278,
				0.8975720918920005,
				0.9539461514829348,
				0.3581935125344078
			]
		},
		{
			"L":[
				0.1207113192967431,
				0.4200920415324116,
				-1.852283649135788e-2,
				5.901514537369083e-6,
				-3.0295449416417388e-24,
				1.0361172485705832e-2
			],
			"B":0.108272237419105,
			"params":[
				-1.1024476049327543,
				-0.354284937598901,
				-0.549790694979758,
				0.6613925315883407
			]
		},
		{
			"L":[
				8.508748767937383e-7,
				-3.1184781696174963e-3,
				3.178695518977653e-17,
				4.9973960886780004e-11,
				-7.108898902170567e-6,
				3.9932230121259344
			],
			"B":0.11367843954111148,
			"params":[
				3.3123588238252353,
				0.8730710951395553,
				-2.338337914973632,
				0.7290903050434181
			]
		}
	]
}